2018-01-10,108团,积分,3.9,战斗奖励
2018-01-10,2345佳,积分,3.9,战斗奖励
2018-01-10,Brother老高,积分,3.9,战斗奖励
2018-01-10,C哆咪,积分,3.9,战斗奖励
2018-01-10,MAX守护者,积分,3.9,战斗奖励
2018-01-10,Skin斌,积分,3.9,战斗奖励
2018-01-10,byp5108,积分,3.9,战斗奖励
2018-01-10,wangchenghao,积分,3.9,战斗奖励
2018-01-10,小Qhao,积分,3.9,战斗奖励
2018-01-10,七爷,积分,3.9,战斗奖励
2018-01-10,二画,积分,3.9,战斗奖励
2018-01-10,双杰,积分,3.9,战斗奖励
2018-01-10,唐馗,积分,3.9,战斗奖励
2018-01-10,宝宝,积分,3.9,战斗奖励
2018-01-10,小怖,积分,3.9,战斗奖励
2018-01-10,席锦,积分,3.9,战斗奖励
2018-01-10,开天,积分,3.9,战斗奖励
2018-01-10,惠捉,积分,3.9,战斗奖励
2018-01-10,明心,积分,3.9,战斗奖励
2018-01-10,春春,积分,3.9,战斗奖励
2018-01-10,桔子,积分,3.9,战斗奖励
2018-01-10,火凤,积分,3.9,战斗奖励
2018-01-10,老杨,积分,3.9,战斗奖励
2018-01-10,茉茗,积分,3.9,战斗奖励
2018-01-10,落幕,积分,3.9,战斗奖励
2018-01-10,蒙朵,积分,3.9,战斗奖励
2018-01-10,趙孽,积分,3.9,战斗奖励
2018-01-10,车夫,积分,3.9,战斗奖励
2018-01-10,云雨天,积分,3.9,战斗奖励
2018-01-10,他二舅,积分,3.9,战斗奖励
2018-01-10,候合羽,积分,3.9,战斗奖励
2018-01-10,发哈哈,积分,3.9,战斗奖励
2018-01-10,坏脾气,积分,3.9,战斗奖励
2018-01-10,大火坑,积分,3.9,战斗奖励
2018-01-10,孔旭察,积分,3.9,战斗奖励
2018-01-10,宗伟谨,积分,3.9,战斗奖励
2018-01-10,封愁逃,积分,3.9,战斗奖励
2018-01-10,少当家,积分,3.9,战斗奖励
2018-01-10,御龙博,积分,3.9,战斗奖励
2018-01-10,无情道,积分,3.9,战斗奖励
2018-01-10,晶晶莹,积分,3.9,战斗奖励
2018-01-10,李唐人,积分,3.9,战斗奖励
2018-01-10,满天星,积分,3.9,战斗奖励
2018-01-10,红旋风,积分,3.9,战斗奖励
2018-01-10,聂招渐,积分,3.9,战斗奖励
2018-01-10,赤练鑠,积分,3.9,战斗奖励
2018-01-10,达子香,积分,3.9,战斗奖励
2018-01-10,过千关,积分,3.9,战斗奖励
2018-01-10,逯义廷,积分,3.9,战斗奖励
2018-01-10,郁元旱,积分,3.9,战斗奖励
2018-01-10,郑立亮,积分,3.9,战斗奖励
2018-01-10,长春狼,积分,3.9,战斗奖励
2018-01-10,陆颈雪,积分,3.9,战斗奖励
2018-01-10,魔之涵,积分,3.9,战斗奖励
2018-01-10,一生何求,积分,3.9,战斗奖励
2018-01-10,东哥大帅,积分,3.9,战斗奖励
2018-01-10,东城华彩,积分,3.9,战斗奖励
2018-01-10,东城法师,积分,3.9,战斗奖励
2018-01-10,九二五五,积分,3.9,战斗奖励
2018-01-10,博大至尊,积分,3.9,战斗奖励
2018-01-10,地主哥哥,积分,3.9,战斗奖励
2018-01-10,城北传奇,积分,3.9,战斗奖励
2018-01-10,天大人一,积分,3.9,战斗奖励
2018-01-10,如意狼君,积分,3.9,战斗奖励
2018-01-10,幸运莲儿,积分,3.9,战斗奖励
2018-01-10,情系花姐,积分,3.9,战斗奖励
2018-01-10,慕容雪蕊,积分,3.9,战斗奖励
2018-01-10,暗夜星辰,积分,3.9,战斗奖励
2018-01-10,東华帝君,积分,3.9,战斗奖励
2018-01-10,椿杭木门,积分,3.9,战斗奖励
2018-01-10,沈阳生哥,积分,3.9,战斗奖励
2018-01-10,牛县牛叉,积分,3.9,战斗奖励
2018-01-10,琅琊法师,积分,3.9,战斗奖励
2018-01-10,璇叶枫林,积分,3.9,战斗奖励
2018-01-10,疯狂魔男,积分,3.9,战斗奖励
2018-01-10,疯疯邪邪,积分,3.9,战斗奖励
2018-01-10,神林战神,积分,3.9,战斗奖励
2018-01-10,神林旭爷,积分,3.9,战斗奖励
2018-01-10,神林空城,积分,3.9,战斗奖励
2018-01-10,箭弦琴變,积分,3.9,战斗奖励
2018-01-10,紫涵莫若,积分,3.9,战斗奖励
2018-01-10,義十四哥,积分,3.9,战斗奖励
2018-01-10,萱萱老爸,积分,3.9,战斗奖励
2018-01-10,被杀死了,积分,3.9,战斗奖励
2018-01-10,诸葛翔天,积分,3.9,战斗奖励
2018-01-10,迪化勇士,积分,3.9,战斗奖励
2018-01-10,铁血梅郎,积分,3.9,战斗奖励
2018-01-10,霸气军哥,积分,3.9,战斗奖励
2018-01-10,霸气凛然,积分,3.9,战斗奖励
2018-01-10,英菲尼迪QX80,积分,3.9,战斗奖励
2018-01-10,像疯了一样,积分,3.9,战斗奖励
2018-01-10,六扇门冷血,积分,3.9,战斗奖励
2018-01-10,六扇门无情,积分,3.9,战斗奖励
2018-01-10,勾右手不离,积分,3.9,战斗奖励
2018-01-10,坐怀真不乱,积分,3.9,战斗奖励
2018-01-10,夜总会经理,积分,3.9,战斗奖励
2018-01-10,怎么又是你,积分,3.9,战斗奖励
2018-01-10,慕容小雪儿,积分,3.9,战斗奖励
2018-01-10,我是你的魔,积分,3.9,战斗奖励
2018-01-10,打小就挺强,积分,3.9,战斗奖励
2018-01-10,月亮的脚印,积分,3.9,战斗奖励
2018-01-10,水煮美人鱼,积分,3.9,战斗奖励
2018-01-10,沐浴要公开,积分,3.9,战斗奖励
2018-01-10,溺水的睫毛,积分,3.9,战斗奖励
2018-01-10,看完记得关,积分,3.9,战斗奖励
2018-01-10,红人堂毒药,积分,3.9,战斗奖励
2018-01-10,西门大官亻,积分,3.9,战斗奖励
2018-01-10,地狱烈火战神,积分,3.9,战斗奖励
2018-01-10,甜甜的美猴王,积分,3.9,战斗奖励
2018-01-10,Brother老高,积分,5.4,战斗奖励
2018-01-10,MAX守护者,积分,5.4,战斗奖励
2018-01-10,七爷,积分,5.4,战斗奖励
2018-01-10,唐馗,积分,5.4,战斗奖励
2018-01-10,小余,积分,5.4,战斗奖励
2018-01-10,开天,积分,5.4,战斗奖励
2018-01-10,春春,积分,5.4,战斗奖励
2018-01-10,桔子,积分,5.4,战斗奖励
2018-01-10,蒙朵,积分,5.4,战斗奖励
2018-01-10,趙孽,积分,5.4,战斗奖励
2018-01-10,雷战,积分,5.4,战斗奖励
2018-01-10,坏脾气,积分,5.4,战斗奖励
2018-01-10,李唐人,积分,5.4,战斗奖励
2018-01-10,狄大爷,积分,5.4,战斗奖励
2018-01-10,祝竹竹,积分,5.4,战斗奖励
2018-01-10,简单情,积分,5.4,战斗奖励
2018-01-10,花无香,积分,5.4,战斗奖励
2018-01-10,过千关,积分,5.4,战斗奖励
2018-01-10,逯义廷,积分,5.4,战斗奖励
2018-01-10,郁元旱,积分,5.4,战斗奖励
2018-01-10,钮碧茵,积分,5.4,战斗奖励
2018-01-10,东城法师,积分,5.4,战斗奖励
2018-01-10,九二五五,积分,5.4,战斗奖励
2018-01-10,众神峰哥,积分,5.4,战斗奖励
2018-01-10,城北传奇,积分,5.4,战斗奖励
2018-01-10,天大人一,积分,5.4,战斗奖励
2018-01-10,慕容雪蕊,积分,5.4,战斗奖励
2018-01-10,杀手魍魉,积分,5.4,战斗奖励
2018-01-10,沈阳生哥,积分,5.4,战斗奖励
2018-01-10,琅琊法师,积分,5.4,战斗奖励
2018-01-10,璇叶枫林,积分,5.4,战斗奖励
2018-01-10,紫涵莫若,积分,5.4,战斗奖励
2018-01-10,萱萱老爸,积分,5.4,战斗奖励
2018-01-10,蝶儿王妃,积分,5.4,战斗奖励
2018-01-10,被杀死了,积分,5.4,战斗奖励
2018-01-10,诸葛翔天,积分,5.4,战斗奖励
2018-01-10,我是你的魔,积分,5.4,战斗奖励
2018-01-10,水煮美人鱼,积分,5.4,战斗奖励
2018-01-10,溺水的睫毛,积分,5.4,战斗奖励
2018-01-10,看完记得关,积分,5.4,战斗奖励
2018-01-10,红人堂毒药,积分,5.4,战斗奖励
2018-01-10,西门大官亻,积分,5.4,战斗奖励
2018-01-10,胸怀纵横无界,积分,5.4,战斗奖励
2018-01-10,108团,积分,2.5,战斗奖励
2018-01-10,Brother老高,积分,2.5,战斗奖励
2018-01-10,MAX守护者,积分,2.5,战斗奖励
2018-01-10,wangchenghao,积分,2.5,战斗奖励
2018-01-10,七爷,积分,2.5,战斗奖励
2018-01-10,不夜,积分,2.5,战斗奖励
2018-01-10,二画,积分,2.5,战斗奖励
2018-01-10,实锦,积分,2.5,战斗奖励
2018-01-10,小余,积分,2.5,战斗奖励
2018-01-10,小怖,积分,2.5,战斗奖励
2018-01-10,席锦,积分,2.5,战斗奖励
2018-01-10,幻象,积分,2.5,战斗奖励
2018-01-10,开天,积分,2.5,战斗奖励
2018-01-10,惠捉,积分,2.5,战斗奖励
2018-01-10,春春,积分,2.5,战斗奖励
2018-01-10,甜心,积分,2.5,战斗奖励
2018-01-10,茉茗,积分,2.5,战斗奖励
2018-01-10,落幕,积分,2.5,战斗奖励
2018-01-10,趙孽,积分,2.5,战斗奖励
2018-01-10,雷战,积分,2.5,战斗奖励
2018-01-10,霸屠,积分,2.5,战斗奖励
2018-01-10,云雨天,积分,2.5,战斗奖励
2018-01-10,他二舅,积分,2.5,战斗奖励
2018-01-10,冯卒脏,积分,2.5,战斗奖励
2018-01-10,坏脾气,积分,2.5,战斗奖励
2018-01-10,封愁逃,积分,2.5,战斗奖励
2018-01-10,崔宝贝,积分,2.5,战斗奖励
2018-01-10,无情道,积分,2.5,战斗奖励
2018-01-10,杀破狼,积分,2.5,战斗奖励
2018-01-10,李唐人,积分,2.5,战斗奖励
2018-01-10,牛魔王,积分,2.5,战斗奖励
2018-01-10,秦瓦锁,积分,2.5,战斗奖励
2018-01-10,简单情,积分,2.5,战斗奖励
2018-01-10,聂招渐,积分,2.5,战斗奖励
2018-01-10,花无香,积分,2.5,战斗奖励
2018-01-10,达子香,积分,2.5,战斗奖励
2018-01-10,过千关,积分,2.5,战斗奖励
2018-01-10,逯义廷,积分,2.5,战斗奖励
2018-01-10,郁元旱,积分,2.5,战斗奖励
2018-01-10,陆颈雪,积分,2.5,战斗奖励
2018-01-10,魔之涵,积分,2.5,战斗奖励
2018-01-10,东城华彩,积分,2.5,战斗奖励
2018-01-10,东城法师,积分,2.5,战斗奖励
2018-01-10,幸运莲儿,积分,2.5,战斗奖励
2018-01-10,情系花姐,积分,2.5,战斗奖励
2018-01-10,慕容雪蕊,积分,2.5,战斗奖励
2018-01-10,暗夜星辰,积分,2.5,战斗奖励
2018-01-10,沈阳生哥,积分,2.5,战斗奖励
2018-01-10,琅琊法师,积分,2.5,战斗奖励
2018-01-10,璇叶枫林,积分,2.5,战斗奖励
2018-01-10,疯狂魔男,积分,2.5,战斗奖励
2018-01-10,疯疯邪邪,积分,2.5,战斗奖励
2018-01-10,神林战神,积分,2.5,战斗奖励
2018-01-10,紫涵莫若,积分,2.5,战斗奖励
2018-01-10,萱萱老爸,积分,2.5,战斗奖励
2018-01-10,蝶儿王妃,积分,2.5,战斗奖励
2018-01-10,被杀死了,积分,2.5,战斗奖励
2018-01-10,西域小红,积分,2.5,战斗奖励
2018-01-10,诸葛翔天,积分,2.5,战斗奖励
2018-01-10,迪化勇士,积分,2.5,战斗奖励
2018-01-10,邪恶法神,积分,2.5,战斗奖励
2018-01-10,霸气凛然,积分,2.5,战斗奖励
2018-01-10,英菲尼迪QX80,积分,2.5,战斗奖励
2018-01-10,六扇门无情,积分,2.5,战斗奖励
2018-01-10,坐怀真不乱,积分,2.5,战斗奖励
2018-01-10,怎么又是你,积分,2.5,战斗奖励
2018-01-10,慕容小雪儿,积分,2.5,战斗奖励
2018-01-10,月亮的脚印,积分,2.5,战斗奖励
2018-01-10,水煮美人鱼,积分,2.5,战斗奖励
2018-01-10,沐浴要公开,积分,2.5,战斗奖励
2018-01-10,溺水的睫毛,积分,2.5,战斗奖励
2018-01-10,红人堂毒药,积分,2.5,战斗奖励
2018-01-10,西门大官亻,积分,2.5,战斗奖励
2018-01-10,地狱烈火战神,积分,2.5,战斗奖励
2018-01-10,胸怀纵横无界,积分,2.5,战斗奖励
2018-01-10,Brother老高,积分,4.2,战斗奖励
2018-01-10,wangchenghao,积分,4.2,战斗奖励
2018-01-10,小Qhao,积分,4.2,战斗奖励
2018-01-10,七爷,积分,4.2,战斗奖励
2018-01-10,小余,积分,4.2,战斗奖励
2018-01-10,无忧,积分,4.2,战斗奖励
2018-01-10,明心,积分,4.2,战斗奖励
2018-01-10,春春,积分,4.2,战斗奖励
2018-01-10,趙孽,积分,4.2,战斗奖励
2018-01-10,简单情,积分,4.2,战斗奖励
2018-01-10,逯义廷,积分,4.2,战斗奖励
2018-01-10,郁元旱,积分,4.2,战斗奖励
2018-01-10,钮碧茵,积分,4.2,战斗奖励
2018-01-10,博大至尊,积分,4.2,战斗奖励
2018-01-10,城北传奇,积分,4.2,战斗奖励
2018-01-10,慕容雪蕊,积分,4.2,战斗奖励
2018-01-10,沈阳生哥,积分,4.2,战斗奖励
2018-01-10,琅琊法师,积分,4.2,战斗奖励
2018-01-10,萱萱老爸,积分,4.2,战斗奖励
2018-01-10,蝶儿王妃,积分,4.2,战斗奖励
2018-01-10,被杀死了,积分,4.2,战斗奖励
2018-01-10,诸葛翔天,积分,4.2,战斗奖励
2018-01-10,逍遥法圣,积分,4.2,战斗奖励
2018-01-10,青柠啤酒,积分,4.2,战斗奖励
2018-01-10,我是你的魔,积分,4.2,战斗奖励
2018-01-10,溺水的睫毛,积分,4.2,战斗奖励
2018-01-10,看完记得关,积分,4.2,战斗奖励
2018-01-10,红人堂毒药,积分,4.2,战斗奖励
