2018-01-04,MAX守护者,积分,1.1,战斗奖励
2018-01-04,小Qhao,积分,1.1,战斗奖励
2018-01-04,不夜,积分,1.1,战斗奖励
2018-01-04,二画,积分,1.1,战斗奖励
2018-01-04,凌天,积分,1.1,战斗奖励
2018-01-04,宝宝,积分,1.1,战斗奖励
2018-01-04,实锦,积分,1.1,战斗奖励
2018-01-04,小怖,积分,1.1,战斗奖励
2018-01-04,杨苔,积分,1.1,战斗奖励
2018-01-04,桔子,积分,1.1,战斗奖励
2018-01-04,王俊,积分,1.1,战斗奖励
2018-01-04,睫毛,积分,1.1,战斗奖励
2018-01-04,蒙朵,积分,1.1,战斗奖励
2018-01-04,薛孤,积分,1.1,战斗奖励
2018-01-04,趙孽,积分,1.1,战斗奖励
2018-01-04,丁伟峻,积分,1.1,战斗奖励
2018-01-04,俺活着,积分,1.1,战斗奖励
2018-01-04,坏脾气,积分,1.1,战斗奖励
2018-01-04,大火坑,积分,1.1,战斗奖励
2018-01-04,封愁逃,积分,1.1,战斗奖励
2018-01-04,戰鵬少,积分,1.1,战斗奖励
2018-01-04,无情道,积分,1.1,战斗奖励
2018-01-04,满天星,积分,1.1,战斗奖励
2018-01-04,牛魔王,积分,1.1,战斗奖励
2018-01-04,神香香,积分,1.1,战斗奖励
2018-01-04,简单情,积分,1.1,战斗奖励
2018-01-04,翁鸳演,积分,1.1,战斗奖励
2018-01-04,花无香,积分,1.1,战斗奖励
2018-01-04,袁小七,积分,1.1,战斗奖励
2018-01-04,过千关,积分,1.1,战斗奖励
2018-01-04,逯义廷,积分,1.1,战斗奖励
2018-01-04,陆颈雪,积分,1.1,战斗奖励
2018-01-04,魔之涵,积分,1.1,战斗奖励
2018-01-04,东北大妞,积分,1.1,战斗奖励
2018-01-04,东哥大帅,积分,1.1,战斗奖励
2018-01-04,东城法师,积分,1.1,战斗奖励
2018-01-04,九二五五,积分,1.1,战斗奖励
2018-01-04,休闲娱乐,积分,1.1,战斗奖励
2018-01-04,众神峰哥,积分,1.1,战斗奖励
2018-01-04,地主哥哥,积分,1.1,战斗奖励
2018-01-04,地藏童子,积分,1.1,战斗奖励
2018-01-04,天大人一,积分,1.1,战斗奖励
2018-01-04,幸运莲儿,积分,1.1,战斗奖励
2018-01-04,强强联合,积分,1.1,战斗奖励
2018-01-04,情系花姐,积分,1.1,战斗奖励
2018-01-04,慕容雪蕊,积分,1.1,战斗奖励
2018-01-04,東华帝君,积分,1.1,战斗奖励
2018-01-04,柳枝如剑,积分,1.1,战斗奖励
2018-01-04,椿杭木门,积分,1.1,战斗奖励
2018-01-04,沈阳生哥,积分,1.1,战斗奖励
2018-01-04,琅琊法师,积分,1.1,战斗奖励
2018-01-04,疯疯邪邪,积分,1.1,战斗奖励
2018-01-04,登封凯子,积分,1.1,战斗奖励
2018-01-04,神林空城,积分,1.1,战斗奖励
2018-01-04,萱萱老爸,积分,1.1,战斗奖励
2018-01-04,蓝色妖姬,积分,1.1,战斗奖励
2018-01-04,诸葛翔天,积分,1.1,战斗奖励
2018-01-04,迪化勇士,积分,1.1,战斗奖励
2018-01-04,逍遥法圣,积分,1.1,战斗奖励
2018-01-04,野蛮男人,积分,1.1,战斗奖励
2018-01-04,隐隐精髓,积分,1.1,战斗奖励
2018-01-04,像疯了一样,积分,1.1,战斗奖励
2018-01-04,六扇门冷血,积分,1.1,战斗奖励
2018-01-04,嗷大猫后羿,积分,1.1,战斗奖励
2018-01-04,夜总会经理,积分,1.1,战斗奖励
2018-01-04,怎么又是你,积分,1.1,战斗奖励
2018-01-04,打小就挺强,积分,1.1,战斗奖励
2018-01-04,红人堂毒药,积分,1.1,战斗奖励
2018-01-04,道士落刀山,积分,1.1,战斗奖励
2018-01-04,静静的凝忘,积分,1.1,战斗奖励
2018-01-04,懂得才会珍惜,积分,1.1,战斗奖励
