2018-01-04,108团,积分,1,战斗奖励
2018-01-04,Brother老高,积分,1,战斗奖励
2018-01-04,Skin斌,积分,1,战斗奖励
2018-01-04,byp5108,积分,1,战斗奖励
2018-01-04,wangchenghao,积分,1,战斗奖励
2018-01-04,小Qhao,积分,1,战斗奖励
2018-01-04,不夜,积分,1,战斗奖励
2018-01-04,二画,积分,1,战斗奖励
2018-01-04,佃心,积分,1,战斗奖励
2018-01-04,凌天,积分,1,战斗奖励
2018-01-04,北冥,积分,1,战斗奖励
2018-01-04,双杰,积分,1,战斗奖励
2018-01-04,唐馗,积分,1,战斗奖励
2018-01-04,宝宝,积分,1,战斗奖励
2018-01-04,小怖,积分,1,战斗奖励
2018-01-04,席锦,积分,1,战斗奖励
2018-01-04,开天,积分,1,战斗奖励
2018-01-04,惠捉,积分,1,战斗奖励
2018-01-04,无忧,积分,1,战斗奖励
2018-01-04,明心,积分,1,战斗奖励
2018-01-04,春春,积分,1,战斗奖励
2018-01-04,杨苔,积分,1,战斗奖励
2018-01-04,桔子,积分,1,战斗奖励
2018-01-04,火凤,积分,1,战斗奖励
2018-01-04,王俊,积分,1,战斗奖励
2018-01-04,茉茗,积分,1,战斗奖励
2018-01-04,蒙朵,积分,1,战斗奖励
2018-01-04,薛孤,积分,1,战斗奖励
2018-01-04,趙孽,积分,1,战斗奖励
2018-01-04,霸屠,积分,1,战斗奖励
2018-01-04,云雨天,积分,1,战斗奖励
2018-01-04,他二舅,积分,1,战斗奖励
2018-01-04,俺活着,积分,1,战斗奖励
2018-01-04,坏脾气,积分,1,战斗奖励
2018-01-04,大火坑,积分,1,战斗奖励
2018-01-04,孔旭察,积分,1,战斗奖励
2018-01-04,宗伟谨,积分,1,战斗奖励
2018-01-04,封愁逃,积分,1,战斗奖励
2018-01-04,少当家,积分,1,战斗奖励
2018-01-04,崔宝贝,积分,1,战斗奖励
2018-01-04,戰鵬少,积分,1,战斗奖励
2018-01-04,无情道,积分,1,战斗奖励
2018-01-04,晶晶莹,积分,1,战斗奖励
2018-01-04,李唐人,积分,1,战斗奖励
2018-01-04,满天星,积分,1,战斗奖励
2018-01-04,牛魔王,积分,1,战斗奖励
2018-01-04,祝竹竹,积分,1,战斗奖励
2018-01-04,神香香,积分,1,战斗奖励
2018-01-04,花无香,积分,1,战斗奖励
2018-01-04,袁小七,积分,1,战斗奖励
2018-01-04,达子香,积分,1,战斗奖励
2018-01-04,逯义廷,积分,1,战斗奖励
2018-01-04,郁元旱,积分,1,战斗奖励
2018-01-04,钮碧茵,积分,1,战斗奖励
2018-01-04,长春狼,积分,1,战斗奖励
2018-01-04,陆颈雪,积分,1,战斗奖励
2018-01-04,东北大妞,积分,1,战斗奖励
2018-01-04,东哥大帅,积分,1,战斗奖励
2018-01-04,东城华彩,积分,1,战斗奖励
2018-01-04,东城法师,积分,1,战斗奖励
2018-01-04,九二五五,积分,1,战斗奖励
2018-01-04,博大至尊,积分,1,战斗奖励
2018-01-04,地主哥哥,积分,1,战斗奖励
2018-01-04,地藏童子,积分,1,战斗奖励
2018-01-04,城北传奇,积分,1,战斗奖励
2018-01-04,大秦神羿,积分,1,战斗奖励
2018-01-04,如意狼君,积分,1,战斗奖励
2018-01-04,幸运莲儿,积分,1,战斗奖励
2018-01-04,强强联合,积分,1,战斗奖励
2018-01-04,慕容雪蕊,积分,1,战斗奖励
2018-01-04,暗夜星辰,积分,1,战斗奖励
2018-01-04,杀手魍魉,积分,1,战斗奖励
2018-01-04,椿杭木门,积分,1,战斗奖励
2018-01-04,江东狂龙,积分,1,战斗奖励
2018-01-04,沈阳生哥,积分,1,战斗奖励
2018-01-04,滨城道尊,积分,1,战斗奖励
2018-01-04,滨城银河,积分,1,战斗奖励
2018-01-04,牛县牛叉,积分,1,战斗奖励
2018-01-04,琅琊法师,积分,1,战斗奖励
2018-01-04,璇叶枫林,积分,1,战斗奖励
2018-01-04,登封凯子,积分,1,战斗奖励
2018-01-04,神林凯哥,积分,1,战斗奖励
2018-01-04,神林空城,积分,1,战斗奖励
2018-01-04,紫涵莫若,积分,1,战斗奖励
2018-01-04,绍兴小铭,积分,1,战斗奖励
2018-01-04,萱萱老爸,积分,1,战斗奖励
2018-01-04,蓝色妖姬,积分,1,战斗奖励
2018-01-04,西域小红,积分,1,战斗奖励
2018-01-04,诸葛翔天,积分,1,战斗奖励
2018-01-04,迪化勇士,积分,1,战斗奖励
2018-01-04,雾灵山上,积分,1,战斗奖励
2018-01-04,魂牵梦绕,积分,1,战斗奖励
2018-01-04,英菲尼迪QX80,积分,1,战斗奖励
2018-01-04,像疯了一样,积分,1,战斗奖励
2018-01-04,六扇门冷血,积分,1,战斗奖励
2018-01-04,六扇门无情,积分,1,战斗奖励
2018-01-04,勾右手不离,积分,1,战斗奖励
2018-01-04,夜总会经理,积分,1,战斗奖励
2018-01-04,怎么又是你,积分,1,战斗奖励
2018-01-04,慕容小雪儿,积分,1,战斗奖励
2018-01-04,我是你的魔,积分,1,战斗奖励
2018-01-04,打小就挺强,积分,1,战斗奖励
2018-01-04,月亮的脚印,积分,1,战斗奖励
2018-01-04,水煮美人鱼,积分,1,战斗奖励
2018-01-04,沐浴要公开,积分,1,战斗奖励
2018-01-04,溺水的睫毛,积分,1,战斗奖励
2018-01-04,红人堂毒药,积分,1,战斗奖励
2018-01-04,西门大官亻,积分,1,战斗奖励
2018-01-04,骑猪小公主,积分,1,战斗奖励
2018-01-04,地狱烈火战神,积分,1,战斗奖励
2018-01-04,懂得才会珍惜,积分,1,战斗奖励
2018-01-04,杨镇源警勤连,积分,1,战斗奖励
