2018-01-23,&道&,积分,2.0,战斗奖励
2018-01-23,108团,积分,2.0,战斗奖励
2018-01-23,2345佳,积分,2.0,战斗奖励
2018-01-23,Brother老高,积分,2.0,战斗奖励
2018-01-23,byp5108,积分,2.0,战斗奖励
2018-01-23,mtj_龙龙,积分,2.0,战斗奖励
2018-01-23,wangchenghao,积分,2.0,战斗奖励
2018-01-23,小Qhao,积分,2.0,战斗奖励
2018-01-23,七爷,积分,2.0,战斗奖励
2018-01-23,佛裂,积分,2.0,战斗奖励
2018-01-23,唐馗,积分,2.0,战斗奖励
2018-01-23,宝宝,积分,2.0,战斗奖励
2018-01-23,实锦,积分,2.0,战斗奖励
2018-01-23,小余,积分,2.0,战斗奖励
2018-01-23,幻象,积分,2.0,战斗奖励
2018-01-23,惠捉,积分,2.0,战斗奖励
2018-01-23,无忧,积分,2.0,战斗奖励
2018-01-23,明心,积分,2.0,战斗奖励
2018-01-23,春春,积分,2.0,战斗奖励
2018-01-23,杨苔,积分,2.0,战斗奖励
2018-01-23,桔子,积分,2.0,战斗奖励
2018-01-23,王俊,积分,2.0,战斗奖励
2018-01-23,老杨,积分,2.0,战斗奖励
2018-01-23,耳朵,积分,2.0,战斗奖励
2018-01-23,茉茗,积分,2.0,战斗奖励
2018-01-23,落幕,积分,2.0,战斗奖励
2018-01-23,趙孽,积分,2.0,战斗奖励
2018-01-23,霸屠,积分,2.0,战斗奖励
2018-01-23,云雨天,积分,2.0,战斗奖励
2018-01-23,他三舅,积分,2.0,战斗奖励
2018-01-23,冯卒脏,积分,2.0,战斗奖励
2018-01-23,坏脾气,积分,2.0,战斗奖励
2018-01-23,天人一,积分,2.0,战斗奖励
2018-01-23,孔旭察,积分,2.0,战斗奖励
2018-01-23,宗伟谨,积分,2.0,战斗奖励
2018-01-23,崔宝贝,积分,2.0,战斗奖励
2018-01-23,戰鵬少,积分,2.0,战斗奖励
2018-01-23,无情道,积分,2.0,战斗奖励
2018-01-23,晶晶莹,积分,2.0,战斗奖励
2018-01-23,李唐人,积分,2.0,战斗奖励
2018-01-23,杜小琨,积分,2.0,战斗奖励
2018-01-23,满天星,积分,2.0,战斗奖励
2018-01-23,牛魔王,积分,2.0,战斗奖励
2018-01-23,狄大爷,积分,2.0,战斗奖励
2018-01-23,神香香,积分,2.0,战斗奖励
2018-01-23,简单情,积分,2.0,战斗奖励
2018-01-23,聂招渐,积分,2.0,战斗奖励
2018-01-23,达子香,积分,2.0,战斗奖励
2018-01-23,逯义廷,积分,2.0,战斗奖励
2018-01-23,郁元旱,积分,2.0,战斗奖励
2018-01-23,郑立亮,积分,2.0,战斗奖励
2018-01-23,钮碧茵,积分,2.0,战斗奖励
2018-01-23,陆颈雪,积分,2.0,战斗奖励
2018-01-23,东北大妞,积分,2.0,战斗奖励
2018-01-23,东城华彩,积分,2.0,战斗奖励
2018-01-23,东城法师,积分,2.0,战斗奖励
2018-01-23,众神峰哥,积分,2.0,战斗奖励
2018-01-23,博大至尊,积分,2.0,战斗奖励
2018-01-23,地主哥哥,积分,2.0,战斗奖励
2018-01-23,城北传奇,积分,2.0,战斗奖励
2018-01-23,天大人一,积分,2.0,战斗奖励
2018-01-23,如意狼君,积分,2.0,战斗奖励
2018-01-23,幸运莲儿,积分,2.0,战斗奖励
2018-01-23,情系花姐,积分,2.0,战斗奖励
2018-01-23,椿杭木门,积分,2.0,战斗奖励
2018-01-23,沈阳生哥,积分,2.0,战斗奖励
2018-01-23,滨城银河,积分,2.0,战斗奖励
2018-01-23,琅琊法师,积分,2.0,战斗奖励
2018-01-23,璇叶枫林,积分,2.0,战斗奖励
2018-01-23,疯狂魔男,积分,2.0,战斗奖励
2018-01-23,疯疯邪邪,积分,2.0,战斗奖励
2018-01-23,登封凯子,积分,2.0,战斗奖励
2018-01-23,绍兴小铭,积分,2.0,战斗奖励
2018-01-23,義十四哥,积分,2.0,战斗奖励
2018-01-23,翔翔向上,积分,2.0,战斗奖励
2018-01-23,萱萱老爸,积分,2.0,战斗奖励
2018-01-23,蝶儿王妃,积分,2.0,战斗奖励
2018-01-23,被杀死了,积分,2.0,战斗奖励
2018-01-23,西域小红,积分,2.0,战斗奖励
2018-01-23,诸葛翔天,积分,2.0,战斗奖励
2018-01-23,迪化勇士,积分,2.0,战斗奖励
2018-01-23,霸气凛然,积分,2.0,战斗奖励
2018-01-23,像疯了一样,积分,2.0,战斗奖励
2018-01-23,六扇门冷血,积分,2.0,战斗奖励
2018-01-23,嗷大猫后羿,积分,2.0,战斗奖励
2018-01-23,夜总会经理,积分,2.0,战斗奖励
2018-01-23,怎么又是你,积分,2.0,战斗奖励
2018-01-23,慕容小雪儿,积分,2.0,战斗奖励
2018-01-23,我是你的魔,积分,2.0,战斗奖励
2018-01-23,打小就挺强,积分,2.0,战斗奖励
2018-01-23,月亮的脚印,积分,2.0,战斗奖励
2018-01-23,水煮美人鱼,积分,2.0,战斗奖励
2018-01-23,溺水的睫毛,积分,2.0,战斗奖励
2018-01-23,白板一大把,积分,2.0,战斗奖励
2018-01-23,地狱烈火战神,积分,2.0,战斗奖励
2018-01-23,懂得才会珍惜,积分,2.0,战斗奖励
2018-01-23,施大大的大哥,积分,2.0,战斗奖励
